date,total_kwh,session_count
2018-01-01,6.504,1
2018-01-02,17.527,2
2018-01-03,11.227,3
2018-01-04,49.748,6
2018-01-05,2.956,2
2018-01-06,32.72,6
2018-01-07,30.612000000000002,4
2018-01-08,24.459999999999997,2
2018-01-09,45.80200000000001,7
2018-01-10,47.038000000000004,8
2018-01-11,60.38,9
2018-01-12,55.01,9
2018-01-13,28.524,4
2018-01-14,13.798,4
2018-01-15,4.099,1
2018-01-16,70.312,6
2018-01-17,44.852000000000004,8
2018-01-18,51.591,11
2018-01-19,34.903999999999996,7
2018-01-20,30.095,6
2018-01-21,31.311999999999998,2
2018-01-22,32.883,6
2018-01-23,92.306,11
2018-01-24,127.912,10
2018-01-25,47.482,18
2018-01-26,67.479,14
2018-01-27,44.806,10
2018-01-28,42.615,6
2018-01-29,45.184999999999995,7
2018-01-30,32.351,9
2018-01-31,45.487,10
2018-02-01,104.703,9
2018-02-02,128.53,17
2018-02-03,56.292,8
2018-02-04,24.391,3
2018-02-05,49.065,6
2018-02-06,54.661,10
2018-02-07,89.72800000000001,9
2018-02-08,113.269,19
2018-02-09,85.261,12
2018-02-10,30.805,4
2018-02-11,64.555,9
2018-02-12,115.167,12
2018-02-13,92.738,11
2018-02-14,46.618,12
2018-02-15,100.229,11
2018-02-16,87.573,12
2018-02-17,86.85,9
2018-02-18,88.649,12
2018-02-19,57.752,8
2018-02-20,79.457,9
2018-02-21,82.2,14
2018-02-22,130.412,15
2018-02-23,119.732,15
2018-02-24,107.96300000000001,12
2018-02-25,139.53900000000002,17
2018-02-26,59.702,8
2018-02-27,54.354,11
2018-02-28,96.746,14
2018-03-01,80.57300000000001,14
2018-03-02,59.693,13
2018-03-03,118.77,14
2018-03-04,106.203,8
2018-03-05,37.125,7
2018-03-06,84.595,20
2018-03-07,75.415,14
2018-03-08,101.001,15
2018-03-09,58.271,11
2018-03-10,76.535,10
2018-03-11,47.348,9
2018-03-12,44.817,7
2018-03-13,84.037,9
2018-03-14,73.084,15
2018-03-15,114.37400000000001,12
2018-03-16,90.393,14
2018-03-17,72.96000000000001,13
2018-03-18,89.713,13
2018-03-19,105.595,14
2018-03-20,57.291,20
2018-03-21,92.561,16
2018-03-22,114.123,24
2018-03-23,159.635,19
2018-03-24,96.665,10
2018-03-25,113.27000000000001,8
2018-03-26,76.658,11
2018-03-27,35.686,7
2018-03-28,87.76,10
2018-03-29,53.177,8
2018-03-30,87.954,16
2018-03-31,80.16499999999999,11
2018-04-01,41.9,8
2018-04-02,34.906,10
2018-04-03,75.678,9
2018-04-04,114.364,17
2018-04-05,184.743,15
2018-04-06,142.745,15
2018-04-07,139.987,15
2018-04-08,63.331,10
2018-04-09,83.379,10
2018-04-10,137.389,26
2018-04-11,86.831,12
2018-04-12,161.519,21
2018-04-13,108.024,18
2018-04-14,211.762,29
2018-04-15,94.424,11
2018-04-16,93.339,14
2018-04-17,100.696,16
2018-04-18,118.075,16
2018-04-19,94.8,14
2018-04-20,123.81400000000001,18
2018-04-21,106.345,17
2018-04-22,73.921,10
2018-04-23,56.513,12
2018-04-24,84.89099999999999,13
2018-04-25,82.58200000000001,17
2018-04-26,110.691,15
2018-04-27,200.485,21
2018-04-28,145.247,22
2018-04-29,90.07300000000001,14
2018-04-30,102.739,15
2018-05-01,127.434,11
2018-05-02,100.454,16
2018-05-03,112.05,14
2018-05-04,184.589,24
2018-05-05,117.311,20
2018-05-06,134.29,25
2018-05-07,145.261,19
2018-05-08,72.889,15
2018-05-09,101.827,19
2018-05-10,85.825,14
2018-05-11,167.084,25
2018-05-12,154.791,20
2018-05-13,170.949,22
2018-05-14,86.11,16
2018-05-15,125.498,19
2018-05-16,179.488,21
2018-05-17,157.408,24
2018-05-18,112.831,25
2018-05-19,140.824,24
2018-05-20,74.895,10
2018-05-21,137.935,19
2018-05-22,128.765,26
2018-05-23,148.6,26
2018-05-24,228.358,27
2018-05-25,137.22,24
2018-05-26,192.133,30
2018-05-27,188.716,20
2018-05-28,66.914,13
2018-05-29,180.733,19
2018-05-30,155.45,20
2018-05-31,143.799,14
2018-06-01,128.578,23
2018-06-02,142.15800000000002,21
2018-06-03,139.953,17
2018-06-04,122.274,15
2018-06-05,143.179,20
2018-06-06,155.301,19
2018-06-07,111.409,17
2018-06-08,190.50400000000002,26
2018-06-09,147.389,23
2018-06-10,92.608,15
2018-06-11,150.136,25
2018-06-12,121.868,20
2018-06-13,187.467,29
2018-06-14,123.863,20
2018-06-15,116.346,19
2018-06-16,116.113,22
2018-06-17,54.924,10
2018-06-18,92.528,21
2018-06-19,187.779,25
2018-06-20,132.894,21
2018-06-21,99.181,16
2018-06-22,123.327,21
2018-06-23,151.419,22
2018-06-24,108.247,18
2018-06-25,163.558,22
2018-06-26,125.429,20
2018-06-27,131.867,23
2018-06-28,135.278,19
2018-06-29,138.265,25
2018-06-30,141.82,22
2018-07-01,112.167,22
2018-07-02,117.721,20
2018-07-03,35.357,10
2018-07-04,97.321,17
2018-07-05,88.30799999999999,16
2018-07-06,101.999,15
2018-07-07,82.697,15
2018-07-08,106.994,13
2018-07-09,100.655,20
2018-07-10,220.406,20
2018-07-11,121.209,21
2018-07-12,75.531,18
2018-07-13,74.565,11
2018-07-14,102.115,17
2018-07-15,96.305,14
2018-07-16,151.99699999999999,17
2018-07-17,123.80799999999999,12
2018-07-18,86.012,15
2018-07-19,158.893,21
2018-07-20,78.031,19
2018-07-21,182.7,24
2018-07-22,117.447,14
2018-07-23,120.525,14
2018-07-24,141.64000000000001,16
2018-07-25,169.395,23
2018-07-26,98.658,11
2018-07-27,131.949,20
2018-07-28,140.422,17
2018-07-29,108.193,16
2018-07-30,143.285,19
2018-07-31,172.11599999999999,24
2018-08-01,118.379,20
2018-08-02,168.165,21
2018-08-03,196.87199999999999,28
2018-08-04,83.46600000000001,15
2018-08-05,69.67699999999999,12
2018-08-06,125.541,17
2018-08-07,146.095,18
2018-08-08,113.035,19
2018-08-09,145.962,21
2018-08-10,146.657,20
2018-08-11,127.24,23
2018-08-12,195.376,21
2018-08-13,113.723,19
2018-08-14,89.40299999999999,17
2018-08-15,195.131,16
2018-08-16,169.67,19
2018-08-17,189.589,18
2018-08-18,95.974,17
2018-08-19,57.146,12
2018-08-20,178.54399999999998,17
2018-08-21,180.123,16
2018-08-22,215.102,36
2018-08-23,220.954,33
2018-08-24,209.496,28
2018-08-25,149.436,27
2018-08-26,82.723,17
2018-08-27,147.446,20
2018-08-28,155.187,24
2018-08-29,146.43,25
2018-08-30,102.392,19
2018-08-31,160.541,23
2018-09-01,71.117,16
2018-09-02,96.751,17
2018-09-03,121.691,16
2018-09-04,196.063,16
2018-09-05,88.227,21
2018-09-06,106.78399999999999,17
2018-09-07,198.333,23
2018-09-08,133.447,23
2018-09-09,156.028,19
2018-09-10,171.024,19
2018-09-11,114.604,19
2018-09-12,154.918,27
2018-09-13,151.725,23
2018-09-14,152.079,22
2018-09-15,127.469,19
2018-09-16,118.532,16
2018-09-17,77.527,17
2018-09-18,113.713,19
2018-09-19,106.434,16
2018-09-20,165.499,29
2018-09-21,148.672,27
2018-09-22,94.547,22
2018-09-23,132.138,17
2018-09-24,223.98399999999998,27
2018-09-25,112.809,23
2018-09-26,215.36,32
2018-09-27,194.512,23
2018-09-28,219.74800000000002,33
2018-09-29,127.026,19
2018-09-30,110.033,15
2018-10-01,152.538,19
2018-10-02,119.253,20
2018-10-03,235.891,28
2018-10-04,171.041,30
2018-10-05,177.346,27
2018-10-06,192.513,33
2018-10-07,138.701,25
2018-10-08,130.17,19
2018-10-09,224.238,26
2018-10-10,189.421,23
2018-10-11,285.12,24
2018-10-12,297.353,42
2018-10-13,153.755,30
2018-10-14,36.772999999999996,6
2018-10-15,178.578,20
2018-10-16,295.121,32
2018-10-17,155.579,21
2018-10-18,163.573,29
2018-10-19,236.63400000000001,32
2018-10-20,121.713,20
2018-10-21,132.49699999999999,20
2018-10-22,141.0,19
2018-10-23,86.791,14
2018-10-24,256.271,24
2018-10-25,218.644,34
2018-10-26,181.268,28
2018-10-27,171.958,29
2018-10-28,118.751,16
2018-10-29,163.324,23
2018-10-30,212.047,26
2018-10-31,352.152,27
2018-11-01,282.841,35
2018-11-02,174.14,27
2018-11-03,190.41,28
2018-11-04,105.874,15
2018-11-05,202.288,18
2018-11-06,157.601,28
2018-11-07,240.909,28
2018-11-08,202.702,31
2018-11-09,260.837,41
2018-11-10,167.016,31
2018-11-11,164.873,20
2018-11-12,128.237,17
2018-11-13,216.788,28
2018-11-14,341.852,27
2018-11-15,167.017,23
2018-11-16,242.25400000000002,29
2018-11-17,116.151,19
2018-11-18,107.14,14
2018-11-19,308.222,36
2018-11-20,114.511,17
2018-11-21,128.561,17
2018-11-22,64.099,5
2018-11-23,94.894,13
2018-11-24,106.879,15
2018-11-25,60.826,13
2018-11-26,254.62400000000002,28
2018-11-27,141.978,30
2018-11-28,176.578,24
2018-11-29,232.494,27
2018-11-30,255.898,35
2018-12-01,182.948,30
2018-12-02,219.952,26
2018-12-03,237.244,26
2018-12-04,205.435,28
2018-12-05,212.221,28
2018-12-06,216.847,32
2018-12-07,376.283,41
2018-12-08,229.158,33
2018-12-09,256.704,36
2018-12-10,231.152,26
2018-12-11,267.634,36
2018-12-12,255.523,35
2018-12-13,321.472,41
2018-12-14,263.087,42
2018-12-15,156.788,29
2018-12-16,131.178,22
2018-12-17,238.754,32
2018-12-18,332.845,47
2018-12-19,456.607,55
2018-12-20,309.483,38
2018-12-21,368.906,55
2018-12-22,128.252,21
2018-12-23,268.075,40
2018-12-24,138.952,18
2018-12-25,57.608999999999995,7
2018-12-26,122.241,19
2018-12-27,212.538,28
2018-12-28,211.486,33
2018-12-29,118.31,26
2018-12-30,105.921,17
2018-12-31,148.549,16
2019-01-01,92.614,12
2019-01-02,146.599,16
2019-01-03,211.377,28
2019-01-04,182.556,28
2019-01-05,143.206,20
2019-01-06,176.258,25
2019-01-07,250.483,27
2019-01-08,180.691,31
2019-01-09,325.213,35
2019-01-10,232.112,27
2019-01-11,213.007,30
2019-01-12,135.764,20
2019-01-13,176.142,24
2019-01-14,277.524,36
2019-01-15,280.076,42
2019-01-16,302.215,34
2019-01-17,246.566,26
2019-01-18,225.57399999999998,32
2019-01-19,187.455,32
2019-01-20,150.899,26
2019-01-21,119.411,23
2019-01-22,181.85399999999998,24
2019-01-23,268.233,33
2019-01-24,236.798,22
2019-01-25,404.82,56
2019-01-26,260.809,38
2019-01-27,147.98,23
2019-01-28,261.714,19
2019-01-29,326.282,33
2019-01-30,358.096,43
2019-01-31,393.175,42
2019-02-01,330.697,44
2019-02-02,260.01,29
2019-02-03,130.66,14
2019-02-04,237.225,32
2019-02-05,283.394,35
2019-02-06,161.32999999999998,27
2019-02-07,343.206,34
2019-02-08,321.551,40
2019-02-09,217.838,32
2019-02-10,236.35,33
2019-02-11,254.25,30
2019-02-12,287.476,29
2019-02-13,279.502,29
2019-02-14,303.575,39
2019-02-15,409.217,35
2019-02-16,172.069,28
2019-02-17,115.907,12
2019-02-18,199.973,18
2019-02-19,329.215,38
2019-02-20,314.51599999999996,33
2019-02-21,280.068,28
2019-02-22,221.498,28
2019-02-23,169.814,29
2019-02-24,138.721,25
2019-02-25,228.457,24
2019-02-26,246.715,34
2019-02-27,259.526,32
2019-02-28,256.302,32
2019-03-01,236.736,38
2019-03-02,156.66,24
2019-03-03,183.383,16
2019-03-04,282.962,29
2019-03-05,317.335,32
2019-03-06,174.355,30
2019-03-07,229.403,28
2019-03-08,218.226,23
2019-03-09,193.455,26
2019-03-10,156.203,18
2019-03-11,169.588,19
2019-03-12,153.834,20
2019-03-13,27.122999999999998,5
2019-03-14,120.718,17
2019-03-15,211.001,33
2019-03-16,271.964,33
2019-03-17,177.725,26
2019-03-18,332.139,32
2019-03-19,314.623,36
2019-03-20,376.424,32
2019-03-21,249.68,25
2019-03-22,327.036,35
2019-03-23,111.358,12
2019-03-24,219.794,32
2019-03-25,248.003,26
2019-03-26,237.245,28
2019-03-27,157.736,21
2019-03-28,93.15,13
2019-03-29,164.888,22
2019-03-30,138.20600000000002,19
2019-03-31,115.083,14
2019-04-01,279.879,28
2019-04-02,325.04200000000003,35
2019-04-03,246.004,25
2019-04-04,175.721,22
2019-04-05,253.085,27
2019-04-06,164.919,28
2019-04-07,165.357,31
2019-04-08,259.836,22
2019-04-09,227.892,88
2019-04-10,137.726,18
2019-04-11,141.965,21
2019-04-12,261.928,35
2019-04-13,234.315,29
2019-04-14,302.685,31
2019-04-15,224.216,32
2019-04-16,267.127,25
2019-04-17,228.716,30
2019-04-18,261.623,28
2019-04-19,246.548,30
2019-04-20,180.518,30
2019-04-21,83.33,12
2019-04-22,183.77800000000002,29
2019-04-23,240.532,27
2019-04-24,147.222,22
2019-04-25,205.627,23
2019-04-26,271.731,42
2019-04-27,294.773,35
2019-04-28,146.473,22
2019-04-29,215.096,23
2019-04-30,230.12,25
2019-05-01,204.66299999999998,27
2019-05-02,196.208,25
2019-05-03,189.43200000000002,28
2019-05-04,239.048,31
2019-05-05,199.175,24
2019-05-06,275.163,26
2019-05-07,180.82,26
2019-05-08,279.049,30
2019-05-09,200.789,23
2019-05-10,297.702,39
2019-05-11,158.761,22
2019-05-12,189.74,25
2019-05-13,247.168,30
2019-05-14,373.896,40
2019-05-15,342.974,42
2019-05-16,301.07099999999997,32
2019-05-17,271.043,36
2019-05-18,201.829,28
2019-05-19,188.273,22
2019-05-20,302.417,28
2019-05-21,310.545,32
2019-05-22,237.653,31
2019-05-23,369.51300000000003,36
2019-05-24,276.424,30
2019-05-25,247.072,35
2019-05-26,225.873,42
2019-05-27,151.669,20
2019-05-28,183.143,31
2019-05-29,188.52700000000002,25
2019-05-30,207.651,31
2019-05-31,187.644,25
2019-06-01,244.263,31
2019-06-02,173.59199999999998,24
2019-06-03,201.269,22
2019-06-04,191.161,31
2019-06-05,154.921,31
2019-06-06,266.975,29
2019-06-07,196.174,26
2019-06-08,267.075,31
2019-06-09,146.10399999999998,22
2019-06-10,238.779,27
2019-06-11,281.586,32
2019-06-12,228.701,26
2019-06-13,169.793,25
2019-06-14,197.5,26
2019-06-15,273.838,37
2019-06-16,143.401,21
2019-06-17,325.899,30
2019-06-18,167.47899999999998,29
2019-06-19,373.877,33
2019-06-20,255.192,31
2019-06-21,223.199,27
2019-06-22,111.352,20
2019-06-23,175.98,27
2019-06-24,201.067,31
2019-06-25,235.645,31
2019-06-26,277.12,35
2019-06-27,192.064,27
2019-06-28,279.543,32
2019-06-29,194.784,28
2019-06-30,110.441,16
2019-07-01,249.72299999999998,28
2019-07-02,195.21,24
2019-07-03,160.15,19
2019-07-04,108.531,11
2019-07-05,120.357,18
2019-07-06,254.768,24
2019-07-07,142.539,27
2019-07-08,258.626,34
2019-07-09,298.481,39
2019-07-10,293.072,33
2019-07-11,259.68399999999997,38
2019-07-12,261.76800000000003,35
2019-07-13,249.388,36
2019-07-14,273.06600000000003,25
2019-07-15,247.538,22
2019-07-16,214.804,30
2019-07-17,363.21,46
2019-07-18,286.0,38
2019-07-19,410.838,37
2019-07-20,182.694,29
2019-07-21,201.949,30
2019-07-22,260.776,38
2019-07-23,284.839,36
2019-07-24,268.742,35
2019-07-25,236.43099999999998,34
2019-07-26,220.625,30
2019-07-27,263.755,30
2019-07-28,219.622,23
2019-07-29,231.416,24
2019-07-30,358.714,35
2019-07-31,252.65,28
2019-08-01,279.59499999999997,31
2019-08-02,196.905,31
2019-08-03,234.178,32
2019-08-04,185.266,17
2019-08-05,230.37,27
2019-08-06,143.189,26
2019-08-07,319.369,37
2019-08-08,278.15,34
2019-08-09,284.376,32
2019-08-10,172.23,32
2019-08-11,208.787,24
2019-08-12,243.849,29
2019-08-13,259.345,26
2019-08-14,205.608,32
2019-08-15,382.201,48
2019-08-16,319.828,38
2019-08-17,219.069,33
2019-08-18,219.42,22
2019-08-19,160.045,22
2019-08-20,305.564,37
2019-08-21,373.331,46
2019-08-22,354.539,45
2019-08-23,220.446,30
2019-08-24,213.993,28
2019-08-25,239.92700000000002,24
2019-08-26,385.327,34
2019-08-27,342.836,36
2019-08-28,261.913,45
2019-08-29,198.658,34
2019-08-30,310.39799999999997,37
2019-08-31,329.907,30
2019-09-01,127.964,19
2019-09-02,197.41899999999998,24
2019-09-03,274.107,35
2019-09-04,317.567,36
2019-09-05,258.09499999999997,37
2019-09-06,340.079,40
2019-09-07,250.583,30
2019-09-08,177.126,22
2019-09-09,261.072,35
2019-09-10,232.24800000000002,26
2019-09-11,286.651,35
2019-09-12,238.041,36
2019-09-13,334.041,45
2019-09-14,287.439,34
2019-09-15,235.177,27
2019-09-16,328.35,31
2019-09-17,248.204,30
2019-09-18,294.743,37
2019-09-19,269.277,37
2019-09-20,323.681,35
2019-09-21,245.319,35
2019-09-22,200.543,25
2019-09-23,263.577,33
2019-09-24,202.838,29
2019-09-25,262.993,30
2019-09-26,251.481,37
2019-09-27,282.167,31
2019-09-28,124.22,27
2019-09-29,168.693,22
2019-09-30,212.774,26
2019-10-01,279.452,41
2019-10-02,318.797,36
2019-10-03,293.606,30
2019-10-04,339.769,38
2019-10-05,179.97,39
2019-10-06,181.464,20
2019-10-07,315.565,29
2019-10-08,162.498,27
2019-10-09,272.385,39
2019-10-10,145.965,21
2019-10-11,387.229,42
2019-10-12,382.694,45
2019-10-13,278.79,52
2019-10-14,289.846,28
2019-10-15,233.129,25
2019-10-16,239.12900000000002,31
2019-10-17,190.166,35
2019-10-18,317.972,39
2019-10-19,263.995,37
2019-10-20,152.63,21
2019-10-21,324.595,28
2019-10-22,284.784,35
2019-10-23,359.682,38
2019-10-24,276.969,32
2019-10-25,264.058,36
2019-10-26,253.938,35
2019-10-27,146.237,14
2019-10-28,205.305,25
2019-10-29,96.83099999999999,9
2019-10-30,233.928,27
2019-10-31,295.137,35
2019-11-01,507.373,47
2019-11-02,195.862,33
2019-11-03,185.626,24
2019-11-04,407.59499999999997,35
2019-11-05,322.148,31
2019-11-06,409.447,36
2019-11-07,323.17199999999997,43
2019-11-08,381.354,43
2019-11-09,249.062,40
2019-11-10,251.912,30
2019-11-11,116.48400000000001,18
2019-11-12,332.355,43
2019-11-13,189.252,38
2019-11-14,280.073,32
2019-11-15,309.79200000000003,41
2019-11-16,127.559,21
2019-11-17,119.822,22
2019-11-18,305.476,26
2019-11-19,315.546,37
2019-11-20,263.415,29
2019-11-21,278.403,33
2019-11-22,423.63100000000003,41
2019-11-23,315.26800000000003,42
2019-11-24,196.155,24
2019-11-25,232.897,23
2019-11-26,16.875,1
2019-11-27,185.12199999999999,19
2019-11-28,22.235999999999997,4
2019-11-29,204.732,24
2019-11-30,79.53,15
2019-12-01,229.573,25
2019-12-02,219.025,23
2019-12-03,243.56,30
2019-12-04,333.03700000000003,40
2019-12-05,234.39600000000002,26
2019-12-06,352.043,41
2019-12-07,292.255,38
2019-12-08,140.558,16
2019-12-09,285.978,33
2019-12-10,303.654,33
2019-12-11,375.509,36
2019-12-12,308.80400000000003,47
2019-12-13,424.761,42
2019-12-14,235.953,38
2019-12-15,297.257,25
2019-12-16,248.587,32
2019-12-17,398.243,45
2019-12-18,313.274,37
2019-12-19,308.671,32
2019-12-20,178.34799999999998,28
2019-12-21,226.274,32
2019-12-22,242.436,25
2019-12-23,157.564,23
2019-12-24,82.009,11
2019-12-25,50.946,7
2019-12-26,190.628,27
2019-12-27,153.816,25
2019-12-28,87.876,12
2019-12-29,187.327,23
2019-12-30,197.654,24
2019-12-31,141.203,20
2020-01-01,119.504,14
2020-01-02,299.367,28
2020-01-03,293.79,32
2020-01-04,188.999,23
2020-01-05,139.024,16
2020-01-06,264.382,32
2020-01-07,234.582,26
2020-01-08,202.871,26
2020-01-09,396.029,41
2020-01-10,309.207,35
2020-01-11,327.353,35
2020-01-12,161.964,15
2020-01-13,260.84,32
2020-01-14,379.27,46
2020-01-15,146.276,22
2020-01-16,325.462,30
2020-01-17,232.419,28
2020-01-18,202.53,28
2020-01-19,187.35399999999998,26
2020-01-20,173.287,20
2020-01-21,257.289,34
2020-01-22,332.577,31
2020-01-23,376.637,38
2020-01-24,230.86599999999999,30
2020-01-25,210.855,31
2020-01-26,288.993,39
2020-01-27,332.117,34
2020-01-28,353.5,50
2020-01-29,224.998,35
2020-01-30,311.629,37
2020-01-31,211.414,29
2020-02-01,243.6,32
2020-02-02,94.342,20
2020-02-03,159.309,18
2020-02-04,212.417,18
2020-02-05,248.966,35
2020-02-06,286.116,33
2020-02-07,199.154,19
2020-02-08,89.67399999999999,13
2020-02-09,81.156,13
2020-02-10,232.952,20
2020-02-11,298.501,26
2020-02-12,238.69400000000002,26
2020-02-13,235.962,24
2020-02-14,256.449,29
2020-02-15,207.516,27
2020-02-16,143.19,22
2020-02-17,153.401,20
2020-02-18,206.977,24
2020-02-19,402.746,36
2020-02-20,186.305,24
2020-02-21,185.524,26
2020-02-22,135.804,18
2020-02-23,135.216,18
2020-02-24,204.174,29
2020-02-25,282.037,35
2020-02-26,208.375,31
2020-02-27,215.595,22
2020-02-28,152.73,25
2020-02-29,139.36,18
2020-03-01,109.798,13
2020-03-02,186.142,26
2020-03-03,223.94,29
2020-03-04,166.688,39
2020-03-05,217.043,31
2020-03-06,206.026,24
2020-03-07,179.008,28
2020-03-08,140.64,22
2020-03-09,247.636,25
2020-03-10,201.155,32
2020-03-11,156.399,20
2020-03-12,171.755,21
2020-03-13,108.87,11
2020-03-14,68.47800000000001,15
2020-03-15,105.942,10
2020-03-16,48.885000000000005,6
2020-03-17,30.096,5
2020-03-18,38.175,8
2020-03-19,0.0,0
2020-03-20,0.0,0
2020-03-21,10.515,1
2020-03-22,38.023,6
2020-03-23,40.682,3
2020-03-24,56.817,6
2020-03-25,23.544,3
2020-03-26,35.837,2
2020-03-27,65.98,4
2020-03-28,12.173,2
2020-03-29,3.43,2
2020-03-30,35.845,3
2020-03-31,40.429,3
2020-04-01,41.132,4
2020-04-02,0.0,1
2020-04-03,21.881,2
2020-04-04,16.273,3
2020-04-05,44.454,4
2020-04-06,32.18,3
2020-04-07,9.145,11
2020-04-08,65.13,4
2020-04-09,57.702000000000005,6
2020-04-10,32.519000000000005,6
2020-04-11,30.689,3
2020-04-12,0.749,1
2020-04-13,0.0,0
2020-04-14,16.658,3
2020-04-15,22.497,3
2020-04-16,34.791000000000004,3
2020-04-17,6.288,1
2020-04-18,30.55,4
2020-04-19,33.967,4
2020-04-20,56.644999999999996,4
2020-04-21,31.704,2
2020-04-22,69.59299999999999,5
2020-04-23,14.417,3
2020-04-24,68.845,5
2020-04-25,44.753,4
2020-04-26,79.848,6
2020-04-27,20.500999999999998,4
2020-04-28,26.841,4
2020-04-29,47.34,6
2020-04-30,58.633,11
2020-05-01,36.371,4
2020-05-02,19.898,2
2020-05-03,40.546,4
2020-05-04,30.871000000000002,3
2020-05-05,71.735,5
2020-05-06,14.844999999999999,2
2020-05-07,25.476,4
2020-05-08,54.861,6
2020-05-09,125.4,7
2020-05-10,19.948999999999998,4
2020-05-11,35.199,3
2020-05-12,69.33,4
2020-05-13,32.743,5
2020-05-14,18.636,4
2020-05-15,43.454,3
2020-05-16,73.197,6
2020-05-17,55.864000000000004,7
2020-05-18,89.893,9
2020-05-19,122.524,13
2020-05-20,42.62,4
2020-05-21,75.375,9
2020-05-22,110.276,13
2020-05-23,30.379,6
2020-05-24,7.8020000000000005,3
2020-05-25,85.926,6
2020-05-26,59.980000000000004,6
2020-05-27,64.254,12
2020-05-28,46.103,3
2020-05-29,67.556,9
2020-05-30,89.687,7
2020-05-31,64.548,9
2020-06-01,51.391999999999996,5
2020-06-02,60.223,6
2020-06-03,76.582,7
2020-06-04,40.727000000000004,5
2020-06-05,73.57,8
2020-06-06,22.189999999999998,4
2020-06-07,61.158,8
2020-06-08,30.091,3
2020-06-09,30.134,4
2020-06-10,168.065,13
2020-06-11,64.076,14
2020-06-12,105.914,12
2020-06-13,97.211,7
2020-06-14,50.954,11
2020-06-15,23.808999999999997,3
2020-06-16,78.389,7
2020-06-17,66.952,14
2020-06-18,157.826,9
2020-06-19,18.086,3
2020-06-20,133.286,11
2020-06-21,98.606,12
2020-06-22,73.383,8
2020-06-23,43.953,6
2020-06-24,36.318,9
2020-06-25,118.773,17
2020-06-26,89.611,10
2020-06-27,55.34,10
2020-06-28,120.194,9
2020-06-29,82.861,8
2020-06-30,128.424,14
2020-07-01,97.837,10
2020-07-02,173.898,16
2020-07-03,100.092,13
2020-07-04,46.683,8
2020-07-05,131.322,14
2020-07-06,87.062,12
2020-07-07,123.713,11
2020-07-08,17.647,6
2020-07-09,89.457,9
2020-07-10,97.798,17
2020-07-11,186.005,15
2020-07-12,55.704,13
2020-07-13,46.273,7
2020-07-14,104.196,12
2020-07-15,54.221000000000004,9
2020-07-16,68.158,9
2020-07-17,142.508,19
2020-07-18,99.729,14
2020-07-19,76.062,9
2020-07-20,72.391,11
2020-07-21,110.709,9
2020-07-22,52.941,11
2020-07-23,140.689,24
2020-07-24,164.578,12
2020-07-25,51.29,7
2020-07-26,78.359,10
2020-07-27,94.65599999999999,11
2020-07-28,104.83500000000001,17
2020-07-29,166.792,16
2020-07-30,96.526,8
2020-07-31,78.678,10
2020-08-01,71.626,11
2020-08-02,70.181,7
2020-08-03,69.191,11
2020-08-04,122.327,14
2020-08-05,52.539,8
2020-08-06,141.329,12
2020-08-07,128.341,18
2020-08-08,123.583,22
2020-08-09,147.912,17
2020-08-10,85.284,9
2020-08-11,72.419,10
2020-08-12,83.459,12
2020-08-13,106.449,16
2020-08-14,132.60399999999998,15
2020-08-15,117.25,13
2020-08-16,81.577,8
2020-08-17,99.24600000000001,12
2020-08-18,92.99300000000001,15
2020-08-19,127.098,14
2020-08-20,185.465,20
2020-08-21,89.663,21
2020-08-22,140.299,16
2020-08-23,167.793,18
2020-08-24,80.12899999999999,11
2020-08-25,42.636,7
2020-08-26,111.061,10
2020-08-27,79.238,10
2020-08-28,97.614,12
2020-08-29,180.841,19
2020-08-30,89.68,13
2020-08-31,219.181,22
2020-09-01,96.507,12
2020-09-02,145.374,21
2020-09-03,107.602,20
2020-09-04,153.687,23
2020-09-05,97.42699999999999,21
2020-09-06,77.257,15
2020-09-07,149.68200000000002,23
2020-09-08,59.875,4
2020-09-09,76.114,8
2020-09-10,120.739,8
2020-09-11,163.573,20
2020-09-12,194.841,27
2020-09-13,104.989,13
2020-09-14,92.301,11
2020-09-15,59.900999999999996,10
2020-09-16,221.317,24
2020-09-17,117.804,20
2020-09-18,137.493,23
2020-09-19,156.552,21
2020-09-20,114.776,14
2020-09-21,53.166000000000004,10
2020-09-22,84.89699999999999,9
2020-09-23,84.548,14
2020-09-24,145.171,17
2020-09-25,237.874,25
2020-09-26,55.124,12
2020-09-27,188.296,18
2020-09-28,130.442,16
2020-09-29,86.368,12
2020-09-30,89.87700000000001,10
2020-10-01,153.873,10
2020-10-02,109.565,16
2020-10-03,185.445,26
2020-10-04,219.44,17
2020-10-05,96.834,14
2020-10-06,85.542,26
2020-10-07,47.553,12
2020-10-08,154.285,19
2020-10-09,173.351,21
2020-10-10,136.736,21
2020-10-11,93.939,14
2020-10-12,66.349,14
2020-10-13,131.74099999999999,14
2020-10-14,156.734,17
2020-10-15,31.759999999999998,3
2020-10-16,88.794,17
2020-10-17,192.823,24
2020-10-18,87.03099999999999,13
2020-10-19,90.964,10
2020-10-20,100.859,15
2020-10-21,125.686,21
2020-10-22,92.14,8
2020-10-23,141.44,17
2020-10-24,191.777,20
2020-10-25,54.093,6
2020-10-26,41.442,4
2020-10-27,101.704,12
2020-10-28,133.464,19
2020-10-29,111.386,18
2020-10-30,215.369,21
2020-10-31,107.74600000000001,20
2020-11-01,100.485,12
2020-11-02,169.638,13
2020-11-03,176.52,24
2020-11-04,82.5,15
2020-11-05,71.92,10
2020-11-06,187.68200000000002,19
2020-11-07,170.854,23
2020-11-08,120.756,19
2020-11-09,55.777,8
2020-11-10,127.737,10
2020-11-11,99.45,11
2020-11-12,45.101,6
2020-11-13,106.976,14
2020-11-14,209.16400000000002,23
2020-11-15,114.32900000000001,13
2020-11-16,64.892,7
2020-11-17,66.933,15
2020-11-18,63.022,11
2020-11-19,100.065,9
2020-11-20,81.507,12
2020-11-21,136.108,18
2020-11-22,222.151,19
2020-11-23,84.366,7
2020-11-24,68.056,10
2020-11-25,109.32000000000001,10
2020-11-26,29.847,2
2020-11-27,74.694,10
2020-11-28,74.909,15
2020-11-29,106.846,12
2020-11-30,71.359,13
2020-12-01,55.081,8
2020-12-02,79.67099999999999,5
2020-12-03,154.37400000000002,14
2020-12-04,80.003,11
2020-12-05,145.342,17
2020-12-06,141.726,21
2020-12-07,10.581999999999999,3
2020-12-08,92.078,9
2020-12-09,71.931,15
2020-12-10,246.273,17
2020-12-11,22.651,5
2020-12-12,69.305,11
2020-12-13,97.844,12
2020-12-14,112.90599999999999,10
2020-12-15,66.439,9
2020-12-16,92.968,11
2020-12-17,78.833,10
2020-12-18,94.744,11
2020-12-19,164.348,16
2020-12-20,102.443,6
2020-12-21,79.86099999999999,12
2020-12-22,109.46000000000001,18
2020-12-23,100.319,13
2020-12-24,85.036,7
2020-12-25,37.509,7
2020-12-26,56.836,9
2020-12-27,142.721,17
2020-12-28,50.637,8
2020-12-29,86.809,12
2020-12-30,66.36399999999999,12
2020-12-31,56.266,8
2021-01-01,59.897999999999996,7
2021-01-02,112.78399999999999,20
2021-01-03,90.05,9
2021-01-04,80.063,10
2021-01-05,109.50099999999999,12
2021-01-06,148.853,15
2021-01-07,118.649,11
2021-01-08,188.087,19
2021-01-09,58.128,7
2021-01-10,115.373,9
2021-01-11,84.449,15
2021-01-12,111.789,15
2021-01-13,87.464,13
2021-01-14,96.05300000000001,19
2021-01-15,74.288,18
2021-01-16,118.331,15
2021-01-17,82.992,12
2021-01-18,58.614000000000004,6
2021-01-19,82.196,10
2021-01-20,85.597,16
2021-01-21,95.269,15
2021-01-22,109.806,15
2021-01-23,123.42699999999999,15
2021-01-24,98.118,12
2021-01-25,55.449000000000005,11
2021-01-26,65.25,9
2021-01-27,148.102,18
2021-01-28,168.836,17
2021-01-29,148.054,16
2021-01-30,107.188,17
2021-01-31,107.664,13
2021-02-01,81.274,9
2021-02-02,138.007,22
2021-02-03,163.822,16
2021-02-04,39.444,7
2021-02-05,139.998,12
2021-02-06,97.172,16
2021-02-07,43.739999999999995,4
2021-02-08,68.579,6
2021-02-09,72.28099999999999,8
2021-02-10,123.162,15
2021-02-11,120.298,12
2021-02-12,79.28399999999999,12
2021-02-13,141.063,12
2021-02-14,120.455,11
2021-02-15,120.335,17
2021-02-16,98.72800000000001,15
2021-02-17,147.13600000000002,14
2021-02-18,91.606,12
2021-02-19,112.73,18
2021-02-20,161.052,17
2021-02-21,170.79500000000002,27
2021-02-22,80.839,16
2021-02-23,184.105,22
2021-02-24,134.542,14
2021-02-25,107.761,14
2021-02-26,163.94299999999998,31
2021-02-27,167.708,22
2021-02-28,125.064,12
2021-03-01,127.987,15
2021-03-02,187.0,17
2021-03-03,211.019,20
2021-03-04,67.343,9
2021-03-05,96.81700000000001,20
2021-03-06,173.672,21
2021-03-07,133.374,16
2021-03-08,101.44,17
2021-03-09,119.901,21
2021-03-10,224.379,18
2021-03-11,138.874,13
2021-03-12,46.784,10
2021-03-13,25.689,5
2021-03-14,0.0,0
2021-03-15,15.282,5
2021-03-16,125.33,9
2021-03-17,90.689,10
2021-03-18,188.13600000000002,20
2021-03-19,166.575,22
2021-03-20,204.36700000000002,25
2021-03-21,98.492,19
2021-03-22,38.932,6
2021-03-23,171.756,15
2021-03-24,64.562,11
2021-03-25,158.78,15
2021-03-26,68.83,11
2021-03-27,253.115,25
2021-03-28,231.142,27
2021-03-29,220.173,32
2021-03-30,91.698,6
2021-03-31,200.249,24
2021-04-01,231.031,32
2021-04-02,179.7,37
2021-04-03,186.794,30
2021-04-04,215.912,31
2021-04-05,218.00900000000001,24
2021-04-06,158.676,22
2021-04-07,346.169,32
2021-04-08,173.456,26
2021-04-09,155.227,24
2021-04-10,264.246,38
2021-04-11,229.554,23
2021-04-12,30.621,10
2021-04-13,133.893,19
2021-04-14,79.854,16
2021-04-15,107.956,11
2021-04-16,131.239,18
2021-04-17,180.947,15
2021-04-18,196.811,25
2021-04-19,91.009,9
2021-04-20,137.189,14
2021-04-21,161.516,17
2021-04-22,174.071,24
2021-04-23,209.614,22
2021-04-24,233.369,34
2021-04-25,220.503,31
2021-04-26,62.951,18
2021-04-27,82.449,13
2021-04-28,150.99099999999999,17
2021-04-29,155.919,21
2021-04-30,180.101,25
2021-05-01,190.613,26
2021-05-02,94.489,14
2021-05-03,71.78399999999999,16
2021-05-04,235.09,27
2021-05-05,185.149,29
2021-05-06,257.826,24
2021-05-07,222.666,29
2021-05-08,247.835,35
2021-05-09,219.326,30
2021-05-10,35.127,7
2021-05-11,166.352,21
2021-05-12,184.302,34
2021-05-13,157.62800000000001,24
2021-05-14,305.138,34
2021-05-15,240.024,33
2021-05-16,170.798,18
2021-05-17,76.63,12
2021-05-18,166.069,21
2021-05-19,255.594,31
2021-05-20,259.759,27
2021-05-21,338.808,35
2021-05-22,204.43,30
2021-05-23,198.333,34
2021-05-24,238.338,29
2021-05-25,258.944,33
2021-05-26,271.787,31
2021-05-27,380.084,40
2021-05-28,278.13599999999997,28
2021-05-29,223.01600000000002,29
2021-05-30,86.635,13
2021-05-31,179.701,24
2021-06-01,169.678,20
2021-06-02,222.034,31
2021-06-03,239.749,28
2021-06-04,259.348,29
2021-06-05,188.256,20
2021-06-06,210.52599999999998,25
2021-06-07,194.648,20
2021-06-08,224.028,31
2021-06-09,208.045,39
2021-06-10,277.454,34
2021-06-11,353.702,40
2021-06-12,431.021,54
2021-06-13,207.95000000000002,38
2021-06-14,245.987,38
2021-06-15,393.68,44
2021-06-16,298.095,48
2021-06-17,235.446,36
2021-06-18,354.494,51
2021-06-19,344.925,48
2021-06-20,297.744,45
2021-06-21,252.548,27
2021-06-22,292.94100000000003,35
2021-06-23,283.368,49
2021-06-24,301.497,36
2021-06-25,350.382,44
2021-06-26,236.663,34
2021-06-27,301.488,36
2021-06-28,192.11,30
2021-06-29,312.503,48
2021-06-30,297.302,36
2021-07-01,214.862,27
2021-07-02,322.389,38
2021-07-03,409.854,41
2021-07-04,204.594,26
2021-07-05,267.119,41
2021-07-06,303.364,37
2021-07-07,397.55400000000003,40
2021-07-08,310.609,40
2021-07-09,365.328,43
2021-07-10,338.425,51
2021-07-11,327.378,41
2021-07-12,217.103,29
2021-07-13,247.253,35
2021-07-14,344.003,43
2021-07-15,379.534,38
2021-07-16,438.651,44
2021-07-17,471.49,65
2021-07-18,531.647,60
2021-07-19,374.514,35
2021-07-20,438.954,45
2021-07-21,388.58299999999997,50
2021-07-22,351.303,49
2021-07-23,390.2,47
2021-07-24,505.747,65
2021-07-25,382.573,43
2021-07-26,321.565,31
2021-07-27,339.871,43
2021-07-28,246.455,36
2021-07-29,319.429,41
2021-07-30,324.43,34
2021-07-31,273.307,32
2021-08-01,311.504,42
2021-08-02,240.326,37
2021-08-03,319.486,41
2021-08-04,277.903,38
2021-08-05,253.176,30
2021-08-06,503.891,52
2021-08-07,355.188,46
2021-08-08,221.304,33
2021-08-09,244.227,40
2021-08-10,258.804,36
2021-08-11,267.051,37
2021-08-12,447.48199999999997,47
2021-08-13,235.118,30
2021-08-14,348.886,44
2021-08-15,304.754,43
2021-08-16,251.025,34
2021-08-17,268.918,36
2021-08-18,336.415,48
2021-08-19,367.305,40
2021-08-20,409.95,52
2021-08-21,428.898,62
2021-08-22,294.787,37
2021-08-23,316.065,31
2021-08-24,375.42900000000003,52
2021-08-25,413.23,39
2021-08-26,251.477,34
2021-08-27,335.67,39
2021-08-28,420.272,54
2021-08-29,385.706,41
2021-08-30,188.924,31
2021-08-31,320.813,33
2021-09-01,330.733,34
2021-09-02,395.002,45
2021-09-03,316.672,37
2021-09-04,377.412,52
2021-09-05,237.561,32
2021-09-06,282.982,40
2021-09-07,283.207,38
2021-09-08,326.775,42
2021-09-09,300.285,39
2021-09-10,448.537,49
2021-09-11,335.086,49
2021-09-12,326.323,42
2021-09-13,278.13599999999997,38
2021-09-14,390.46,40
2021-09-15,324.189,46
2021-09-16,286.787,34
2021-09-17,360.95300000000003,43
2021-09-18,442.585,54
2021-09-19,254.512,39
2021-09-20,422.83799999999997,39
2021-09-21,404.765,35
2021-09-22,302.043,37
2021-09-23,248.843,35
2021-09-24,375.601,42
2021-09-25,292.176,56
2021-09-26,309.905,32
2021-09-27,230.642,34
2021-09-28,232.957,33
2021-09-29,291.564,38
2021-09-30,266.856,43
2021-10-01,355.003,37
2021-10-02,357.363,52
2021-10-03,269.647,32
2021-10-04,233.09300000000002,37
2021-10-05,304.323,37
2021-10-06,356.259,39
2021-10-07,321.947,35
2021-10-08,314.791,47
2021-10-09,279.443,33
2021-10-10,274.134,33
2021-10-11,318.048,42
2021-10-12,307.487,31
2021-10-13,250.329,26
2021-10-14,378.534,40
2021-10-15,432.35699999999997,48
2021-10-16,489.26800000000003,53
2021-10-17,326.35,41
2021-10-18,428.8,51
2021-10-19,279.522,35
2021-10-20,358.348,42
2021-10-21,402.891,41
2021-10-22,339.51,42
2021-10-23,304.295,44
2021-10-24,183.087,35
2021-10-25,300.484,37
2021-10-26,319.617,32
2021-10-27,274.74,35
2021-10-28,342.396,45
2021-10-29,318.337,43
2021-10-30,271.849,44
2021-10-31,173.265,21
2021-11-01,219.597,28
2021-11-02,313.976,31
2021-11-03,271.808,32
2021-11-04,378.38,49
2021-11-05,387.905,46
2021-11-06,281.193,36
2021-11-07,377.669,44
2021-11-08,215.072,26
2021-11-09,272.466,29
2021-11-10,325.606,37
2021-11-11,269.743,31
2021-11-12,386.032,37
2021-11-13,317.476,38
2021-11-14,290.477,31
2021-11-15,293.644,28
2021-11-16,325.959,34
2021-11-17,309.385,31
2021-11-18,443.207,38
2021-11-19,356.836,36
2021-11-20,363.234,41
2021-11-21,369.595,39
2021-11-22,319.09499999999997,30
2021-11-23,320.551,41
2021-11-24,229.207,31
2021-11-25,123.851,14
2021-11-26,271.067,27
2021-11-27,203.999,32
2021-11-28,275.529,23
2021-11-29,280.653,25
2021-11-30,209.82,26
2021-12-01,280.09000000000003,28
2021-12-02,380.878,47
2021-12-03,333.849,36
2021-12-04,475.337,47
2021-12-05,201.193,30
2021-12-06,269.223,29
2021-12-07,290.688,36
2021-12-08,234.449,29
2021-12-09,304.018,34
2021-12-10,378.434,42
2021-12-11,374.923,46
2021-12-12,394.813,39
2021-12-13,282.788,42
2021-12-14,366.102,50
2021-12-15,218.56199999999998,24
2021-12-16,490.64099999999996,38
2021-12-17,336.814,39
2021-12-18,368.48199999999997,47
2021-12-19,258.88,37
2021-12-20,308.397,33
2021-12-21,358.638,36
2021-12-22,357.747,47
2021-12-23,225.727,24
2021-12-24,94.747,14
2021-12-25,223.79399999999998,15
2021-12-26,170.814,25
2021-12-27,252.579,26
2021-12-28,236.852,34
2021-12-29,320.943,33
2021-12-30,242.844,32
2021-12-31,179.949,16
2022-01-01,121.937,13
2022-01-02,261.85,33
2022-01-03,220.058,24
2022-01-04,198.097,27
2022-01-05,410.371,33
2022-01-06,147.473,18
2022-01-07,308.027,33
2022-01-08,366.583,33
2022-01-09,294.54200000000003,33
2022-01-10,296.2,29
2022-01-11,355.725,38
2022-01-12,474.208,44
2022-01-13,411.584,39
2022-01-14,314.157,30
2022-01-15,406.935,43
2022-01-16,402.63599999999997,49
2022-01-17,225.374,28
2022-01-18,399.609,33
2022-01-19,269.739,27
2022-01-20,388.146,24
2022-01-21,465.01,35
2022-01-22,449.44100000000003,44
2022-01-23,286.078,31
2022-01-24,291.94,26
2022-01-25,293.496,19
2022-01-26,279.279,35
2022-01-27,502.125,34
2022-01-28,341.498,35
2022-01-29,462.029,46
2022-01-30,472.962,52
2022-01-31,313.83299999999997,30
2022-02-01,327.139,29
2022-02-02,119.86800000000001,7
2022-02-03,440.059,35
2022-02-04,393.906,34
2022-02-05,400.275,48
2022-02-06,327.919,35
2022-02-07,300.213,29
2022-02-08,383.744,41
2022-02-09,271.565,30
2022-02-10,324.463,35
2022-02-11,433.44,34
2022-02-12,475.364,41
2022-02-13,240.079,31
2022-02-14,272.339,31
2022-02-15,447.66,43
2022-02-16,282.978,31
2022-02-17,347.329,25
2022-02-18,291.209,33
2022-02-19,323.573,44
2022-02-20,311.289,44
2022-02-21,165.303,21
2022-02-22,227.514,33
2022-02-23,175.381,24
2022-02-24,381.094,35
2022-02-25,369.646,33
2022-02-26,393.677,48
2022-02-27,453.5,49
2022-02-28,342.738,32
2022-03-01,474.106,38
2022-03-02,239.3,35
2022-03-03,489.862,59
2022-03-04,411.736,47
2022-03-05,312.078,34
2022-03-06,217.26100000000002,19
2022-03-07,466.398,43
2022-03-08,382.957,41
2022-03-09,320.901,27
2022-03-10,515.126,48
2022-03-11,522.005,49
2022-03-12,558.889,65
2022-03-13,356.57800000000003,46
2022-03-14,406.747,40
2022-03-15,307.588,46
2022-03-16,297.647,31
2022-03-17,269.192,37
2022-03-18,568.365,61
2022-03-19,580.385,61
2022-03-20,380.468,45
2022-03-21,288.8,20
2022-03-22,308.543,38
2022-03-23,339.702,35
2022-03-24,489.646,53
2022-03-25,316.093,31
2022-03-26,547.7860000000001,62
2022-03-27,301.374,42
2022-03-28,307.404,38
2022-03-29,393.585,40
2022-03-30,355.923,41
2022-03-31,412.812,59
2022-04-01,399.783,55
2022-04-02,538.779,71
2022-04-03,255.975,36
2022-04-04,452.154,47
2022-04-05,259.661,39
2022-04-06,392.299,40
2022-04-07,459.462,54
2022-04-08,442.515,42
2022-04-09,580.967,75
2022-04-10,338.102,39
2022-04-11,539.256,60
2022-04-12,367.894,50
2022-04-13,474.185,46
2022-04-14,392.618,38
2022-04-15,516.54,49
2022-04-16,397.37,57
2022-04-17,350.79699999999997,37
2022-04-18,581.5070000000001,57
2022-04-19,441.423,56
2022-04-20,344.208,44
2022-04-21,527.991,47
2022-04-22,345.124,44
2022-04-23,383.798,59
2022-04-24,298.255,47
2022-04-25,429.35,39
2022-04-26,512.557,61
2022-04-27,456.418,44
2022-04-28,395.344,53
2022-04-29,405.681,50
2022-04-30,489.883,75
2022-05-01,416.09000000000003,53
2022-05-02,358.131,29
2022-05-03,480.343,55
2022-05-04,343.574,40
2022-05-05,401.928,60
2022-05-06,609.761,65
2022-05-07,406.093,50
2022-05-08,480.798,56
2022-05-09,470.538,43
2022-05-10,430.276,51
2022-05-11,410.615,45
2022-05-12,394.005,51
2022-05-13,710.5600000000001,58
2022-05-14,395.798,66
2022-05-15,368.067,43
2022-05-16,342.545,33
2022-05-17,428.987,51
2022-05-18,439.20799999999997,65
2022-05-19,397.731,49
2022-05-20,223.37,21
2022-05-21,385.79699999999997,37
2022-05-22,543.824,44
2022-05-23,375.007,34
2022-05-24,443.23199999999997,44
2022-05-25,531.143,48
2022-05-26,493.436,63
2022-05-27,452.52,53
2022-05-28,542.028,74
2022-05-29,542.446,65
2022-05-30,461.703,57
2022-05-31,470.688,42
2022-06-01,493.015,52
2022-06-02,575.226,48
2022-06-03,376.743,50
2022-06-04,572.12,64
2022-06-05,503.33,53
2022-06-06,364.652,44
2022-06-07,436.897,53
2022-06-08,529.428,69
2022-06-09,474.952,58
2022-06-10,543.3580000000001,61
2022-06-11,436.565,64
2022-06-12,540.869,88
2022-06-13,544.958,50
2022-06-14,693.889,59
2022-06-15,729.001,69
2022-06-16,565.603,70
2022-06-17,416.924,60
2022-06-18,675.901,67
2022-06-19,481.249,57
2022-06-20,344.732,49
2022-06-21,440.16700000000003,58
2022-06-22,622.086,56
2022-06-23,418.143,58
2022-06-24,359.17,49
2022-06-25,661.297,66
2022-06-26,403.38,48
2022-06-27,461.46,48
2022-06-28,585.3100000000001,56
2022-06-29,588.682,68
2022-06-30,512.07,56
2022-07-01,520.901,67
2022-07-02,505.83,62
2022-07-03,474.458,59
2022-07-04,319.338,45
2022-07-05,352.365,41
2022-07-06,462.851,52
2022-07-07,515.178,52
2022-07-08,497.607,62
2022-07-09,539.381,73
2022-07-10,459.962,48
2022-07-11,455.361,49
2022-07-12,584.821,64
2022-07-13,486.132,65
2022-07-14,539.694,64
2022-07-15,471.516,65
2022-07-16,666.188,80
2022-07-17,593.4970000000001,66
2022-07-18,316.733,45
2022-07-19,379.317,47
2022-07-20,568.434,68
2022-07-21,514.073,55
2022-07-22,637.251,70
2022-07-23,620.022,81
2022-07-24,451.606,53
2022-07-25,629.554,60
2022-07-26,461.747,57
2022-07-27,502.929,73
2022-07-28,418.319,44
2022-07-29,389.422,60
2022-07-30,654.377,73
2022-07-31,504.582,57
2022-08-01,594.351,62
2022-08-02,549.749,64
2022-08-03,632.363,73
2022-08-04,421.425,57
2022-08-05,532.876,66
2022-08-06,622.127,87
2022-08-07,448.122,56
2022-08-08,434.58799999999997,45
2022-08-09,609.532,61
2022-08-10,699.5,78
2022-08-11,665.114,71
2022-08-12,655.364,78
2022-08-13,694.386,75
2022-08-14,629.76,58
2022-08-15,563.143,48
2022-08-16,518.498,54
2022-08-17,677.126,74
2022-08-18,569.319,64
2022-08-19,632.056,79
2022-08-20,647.875,75
2022-08-21,480.75,62
2022-08-22,483.519,58
2022-08-23,671.5120000000001,77
2022-08-24,503.387,57
2022-08-25,568.38,61
2022-08-26,671.412,75
2022-08-27,603.593,76
2022-08-28,529.463,65
2022-08-29,606.583,54
2022-08-30,481.476,47
2022-08-31,559.693,72
2022-09-01,518.3050000000001,59
2022-09-02,650.993,80
2022-09-03,613.069,66
2022-09-04,584.598,53
2022-09-05,451.135,55
2022-09-06,339.176,40
2022-09-07,575.575,58
2022-09-08,580.333,62
2022-09-09,494.903,62
2022-09-10,664.422,66
2022-09-11,537.623,49
2022-09-12,441.012,64
2022-09-13,626.632,68
2022-09-14,519.229,62
2022-09-15,590.898,59
2022-09-16,534.817,62
2022-09-17,704.122,83
2022-09-18,530.835,56
2022-09-19,440.797,45
2022-09-20,485.26800000000003,50
2022-09-21,429.222,50
2022-09-22,542.054,75
2022-09-23,596.452,82
2022-09-24,705.872,77
2022-09-25,549.792,56
2022-09-26,465.415,49
2022-09-27,603.025,63
2022-09-28,438.638,55
2022-09-29,432.0,57
2022-09-30,568.364,73
2022-10-01,472.361,58
2022-10-02,492.109,49
2022-10-03,618.529,61
2022-10-04,568.413,57
2022-10-05,637.623,63
2022-10-06,570.624,59
2022-10-07,682.47,58
2022-10-08,585.308,64
2022-10-09,563.189,57
2022-10-10,644.054,61
2022-10-11,550.485,57
2022-10-12,695.17,68
2022-10-13,626.512,59
2022-10-14,674.832,74
2022-10-15,722.516,75
2022-10-16,469.944,62
2022-10-17,584.796,53
2022-10-18,589.358,57
2022-10-19,500.221,56
2022-10-20,440.332,68
2022-10-21,545.372,56
2022-10-22,540.999,78
2022-10-23,392.671,56
2022-10-24,750.568,65
2022-10-25,615.229,62
2022-10-26,576.902,62
2022-10-27,686.693,57
2022-10-28,576.359,57
2022-10-29,562.619,64
2022-10-30,536.001,65
2022-10-31,572.933,49
2022-11-01,441.394,45
2022-11-02,393.496,48
2022-11-03,455.34299999999996,57
2022-11-04,594.575,60
2022-11-05,706.0,62
2022-11-06,458.644,52
2022-11-07,519.767,49
2022-11-08,584.143,65
2022-11-09,464.088,50
2022-11-10,483.24399999999997,55
2022-11-11,561.603,59
2022-11-12,570.1850000000001,67
2022-11-13,593.283,65
2022-11-14,546.347,52
2022-11-15,497.014,41
2022-11-16,702.564,56
2022-11-17,452.819,34
2022-11-18,371.419,44
2022-11-19,484.553,65
2022-11-20,474.278,48
2022-11-21,441.404,45
2022-11-22,453.514,52
2022-11-23,375.69,43
2022-11-24,359.502,31
2022-11-25,309.687,39
2022-11-26,556.76,64
2022-11-27,517.187,46
2022-11-28,497.329,51
2022-11-29,386.44,36
2022-11-30,639.369,74
2022-12-01,695.6419999999999,63
2022-12-02,520.693,54
2022-12-03,721.569,71
2022-12-04,397.48,46
2022-12-05,414.364,47
2022-12-06,606.401,69
2022-12-07,573.463,58
2022-12-08,548.4350000000001,56
2022-12-09,599.756,61
2022-12-10,483.65500000000003,57
2022-12-11,531.656,52
2022-12-12,387.628,46
2022-12-13,546.376,46
2022-12-14,690.582,59
2022-12-15,669.19,59
2022-12-16,453.543,69
2022-12-17,539.308,57
2022-12-18,432.691,48
2022-12-19,289.34,34
2022-12-20,570.8380000000001,64
2022-12-21,592.057,64
2022-12-22,375.715,26
2022-12-23,353.789,37
2022-12-24,321.285,37
2022-12-25,200.86599999999999,18
2022-12-26,344.918,42
2022-12-27,365.01800000000003,46
2022-12-28,339.83299999999997,39
2022-12-29,399.673,35
2022-12-30,557.438,53
2022-12-31,328.483,37
2023-01-01,398.459,39
2023-01-02,340.527,34
2023-01-03,564.097,51
2023-01-04,597.998,64
2023-01-05,742.898,58
2023-01-06,618.838,62
2023-01-07,529.647,52
2023-01-08,624.644,60
2023-01-09,693.545,64
2023-01-10,482.036,53
2023-01-11,582.032,51
2023-01-12,570.232,46
2023-01-13,569.9110000000001,55
2023-01-14,516.948,73
2023-01-15,516.38,61
2023-01-16,439.363,55
2023-01-17,711.727,60
2023-01-18,148.69899999999998,20
2023-01-19,501.36,53
2023-01-20,606.797,70
2023-01-21,393.18,47
2023-01-22,299.11,45
2023-01-23,630.014,52
2023-01-24,435.433,57
2023-01-25,704.226,60
2023-01-26,376.435,53
2023-01-27,680.882,80
2023-01-28,417.543,55
2023-01-29,298.02,41
2023-01-30,355.312,47
2023-01-31,530.197,67
2023-02-01,638.994,75
2023-02-02,656.099,63
2023-02-03,541.797,72
2023-02-04,468.666,55
2023-02-05,513.321,62
2023-02-06,644.875,73
2023-02-07,716.52,76
2023-02-08,604.391,77
2023-02-09,725.882,72
2023-02-10,484.656,57
2023-02-11,530.916,73
2023-02-12,397.242,51
2023-02-13,559.736,60
2023-02-14,429.178,55
2023-02-15,516.11,47
2023-02-16,661.0840000000001,62
2023-02-17,866.39,85
2023-02-18,483.069,76
2023-02-19,450.736,70
2023-02-20,482.77299999999997,57
2023-02-21,623.349,65
2023-02-22,374.406,38
2023-02-23,722.1659999999999,59
2023-02-24,766.223,67
2023-02-25,602.323,70
2023-02-26,469.329,51
2023-02-27,594.015,62
2023-02-28,686.596,71
2023-03-01,657.587,62
2023-03-02,578.185,53
2023-03-03,599.134,64
2023-03-04,819.658,71
2023-03-05,408.37600000000003,64
2023-03-06,537.461,45
2023-03-07,657.325,63
2023-03-08,833.975,67
2023-03-09,759.689,66
2023-03-10,514.723,52
2023-03-11,500.49399999999997,66
2023-03-12,568.24,58
2023-03-13,601.608,55
2023-03-14,562.563,62
2023-03-15,787.46,74
2023-03-16,595.05,59
2023-03-17,694.533,64
2023-03-18,628.888,75
2023-03-19,471.172,79
2023-03-20,708.884,64
2023-03-21,544.8820000000001,72
2023-03-22,618.128,58
2023-03-23,681.578,55
2023-03-24,558.021,70
2023-03-25,390.269,52
2023-03-26,425.884,64
2023-03-27,241.572,35
2023-03-28,467.394,47
2023-03-29,581.186,61
2023-03-30,348.621,50
2023-03-31,464.25,60
2023-04-01,582.655,71
2023-04-02,445.594,68
2023-04-03,538.244,53
2023-04-04,695.619,63
2023-04-05,899.835,72
2023-04-06,615.717,78
2023-04-07,795.925,94
2023-04-08,533.548,65
2023-04-09,437.225,70
2023-04-10,663.287,72
2023-04-11,780.207,95
2023-04-12,708.293,78
2023-04-13,714.113,73
2023-04-14,555.523,57
2023-04-15,699.362,97
2023-04-16,645.995,80
2023-04-17,664.283,75
2023-04-18,664.581,67
2023-04-19,552.06,55
2023-04-20,568.131,69
2023-04-21,626.851,72
2023-04-22,463.022,68
2023-04-23,751.114,88
2023-04-24,779.172,78
2023-04-25,540.779,56
2023-04-26,733.025,72
2023-04-27,597.351,76
2023-04-28,909.993,93
2023-04-29,635.22,81
2023-04-30,498.307,61
2023-05-01,593.804,75
2023-05-02,758.193,67
2023-05-03,795.5070000000001,92
2023-05-04,623.05,75
2023-05-05,718.467,75
2023-05-06,703.211,73
2023-05-07,498.927,66
2023-05-08,602.475,73
2023-05-09,679.385,71
2023-05-10,562.436,58
2023-05-11,679.081,59
2023-05-12,600.713,62
2023-05-13,537.595,72
2023-05-14,593.354,71
2023-05-15,642.394,67
2023-05-16,742.835,87
2023-05-17,688.224,83
2023-05-18,876.668,75
2023-05-19,616.7429999999999,64
2023-05-20,466.266,43
2023-05-21,645.265,64
2023-05-22,532.3,60
2023-05-23,672.098,90
2023-05-24,553.251,74
2023-05-25,608.449,71
2023-05-26,784.271,79
2023-05-27,580.921,75
2023-05-28,694.652,82
2023-05-29,461.497,59
2023-05-30,643.318,84
2023-05-31,736.693,83
2023-06-01,599.895,61
2023-06-02,1198.272,136
2023-06-03,1127.22,144
2023-06-04,674.902,90
2023-06-05,1371.95,148
2023-06-06,1253.404,148
2023-06-07,1219.434,156
2023-06-08,1451.212,178
2023-06-09,1579.818,178
2023-06-10,1448.03,166
2023-06-11,948.35,122
2023-06-12,834.462,120
2023-06-13,1364.248,194
2023-06-14,1575.932,200
2023-06-15,1498.734,180
2023-06-16,1116.784,146
2023-06-17,1595.6580000000001,180
2023-06-18,1151.074,164
2023-06-19,1100.91,190
2023-06-20,1413.808,198
2023-06-21,1813.942,176
2023-06-22,1485.746,160
2023-06-23,1285.104,160
2023-06-24,1245.962,168
2023-06-25,1253.672,160
2023-06-26,1362.712,168
2023-06-27,1790.064,210
2023-06-28,1461.728,174
2023-06-29,1458.908,168
2023-06-30,1207.284,162
2023-07-01,1589.95,178
2023-07-02,1411.932,168
2023-07-03,1059.08,188
2023-07-04,709.022,92
2023-07-05,1297.434,116
2023-07-06,1471.294,162
2023-07-07,1295.354,176
2023-07-08,1070.504,132
2023-07-09,1205.026,148
2023-07-10,1596.194,176
2023-07-11,1460.43,186
2023-07-12,1710.788,226
2023-07-13,1967.47,196
2023-07-14,1633.212,174
2023-07-15,1209.124,180
2023-07-16,1814.866,222
2023-07-17,1345.582,166
2023-07-18,1705.012,221
2023-07-19,1530.492,184
2023-07-20,1400.888,170
2023-07-21,1176.306,156
2023-07-22,1293.358,164
2023-07-23,1501.844,192
2023-07-24,1782.312,180
2023-07-25,1578.43,212
2023-07-26,1918.006,178
2023-07-27,1309.362,182
2023-07-28,1526.37,182
2023-07-29,1617.762,184
2023-07-30,1509.3,166
2023-07-31,1292.394,168
2023-08-01,1483.824,128
2023-08-02,1886.34,188
2023-08-03,2082.41,214
2023-08-04,1736.494,164
2023-08-05,1505.754,170
2023-08-06,1304.88,104
2023-08-07,1328.68,166
2023-08-08,1810.462,168
2023-08-09,1546.216,186
2023-08-10,1838.096,200
2023-08-11,1447.128,156
2023-08-12,1347.478,139
2023-08-13,1578.574,160
2023-08-14,1374.46,156
2023-08-15,1157.036,156
2023-08-16,1603.012,180
2023-08-17,2109.382,226
2023-08-18,2022.998,196
2023-08-19,1356.268,150
2023-08-20,1753.682,184
2023-08-21,1666.008,196
2023-08-22,1999.866,194
2023-08-23,1449.248,198
2023-08-24,1815.736,216
2023-08-25,1542.518,170
2023-08-26,1663.566,166
2023-08-27,1396.696,184
2023-08-28,1917.886,186
2023-08-29,1519.612,176
2023-08-30,1577.966,206
2023-08-31,1717.086,178
2023-09-01,619.909,95
2023-09-02,910.425,99
2023-09-03,661.541,78
2023-09-04,661.837,80
2023-09-05,742.923,76
2023-09-06,830.703,103
2023-09-07,839.019,96
2023-09-08,789.127,98
2023-09-09,874.93,95
2023-09-10,646.472,76
2023-09-11,740.207,83
2023-09-12,829.154,91
2023-09-13,946.228,125
2023-09-14,798.209,97
2023-09-15,970.138,102
2023-09-16,662.408,89
2023-09-17,690.615,117
2023-09-18,635.231,91
2023-09-19,894.339,103
2023-09-20,806.9159999999999,97
2023-09-21,736.155,94
2023-09-22,718.031,90
2023-09-23,635.926,91
2023-09-24,587.258,102
2023-09-25,802.291,88
2023-09-26,731.047,83
2023-09-27,736.833,77
2023-09-28,888.525,102
2023-09-29,815.769,84
2023-09-30,511.565,81
2023-10-01,617.68,78
2023-10-02,587.8,59
2023-10-03,784.797,86
2023-10-04,786.447,93
2023-10-05,807.7379999999999,74
2023-10-06,787.629,91
2023-10-07,694.562,85
2023-10-08,692.631,73
2023-10-09,754.557,76
2023-10-10,783.648,81
2023-10-11,660.206,79
2023-10-12,789.004,79
2023-10-13,931.528,105
2023-10-14,596.2,91
2023-10-15,660.186,81
2023-10-16,695.579,83
2023-10-17,1054.6970000000001,96
2023-10-18,850.071,94
2023-10-19,950.548,118
2023-10-20,778.517,102
2023-10-21,683.807,84
2023-10-22,468.073,83
2023-10-23,679.234,97
2023-10-24,764.74,92
2023-10-25,725.869,81
2023-10-26,790.134,73
2023-10-27,861.916,80
2023-10-28,542.253,70
2023-10-29,209.863,50
2023-10-30,714.917,73
2023-10-31,714.15,84
2023-11-01,912.165,97
2023-11-02,917.082,88
2023-11-03,774.034,90
2023-11-04,698.558,93
2023-11-05,660.52,73
2023-11-06,725.341,69
2023-11-07,819.215,81
2023-11-08,743.035,74
2023-11-09,777.122,98
2023-11-10,642.065,80
2023-11-11,573.003,78
2023-11-12,709.449,80
2023-11-13,861.088,95
2023-11-14,682.028,104
2023-11-15,787.363,74
2023-11-16,711.298,85
2023-11-17,858.718,90
2023-11-18,629.379,63
2023-11-19,822.172,80
2023-11-20,755.244,56
2023-11-21,943.599,99
2023-11-22,768.073,74
2023-11-23,339.416,35
2023-11-24,263.889,45
2023-11-25,482.005,43
2023-11-26,491.484,63
2023-11-27,802.391,89
2023-11-28,691.939,94
2023-11-29,707.082,98
2023-11-30,631.055,85
